cliente_id,imovel_id,preco,bairro,quartos,area_m2,tipo_imovel,visitou,fechou_negocio,tempo_busca_dias,interacoes,preferencia_declarada,nota_satisfacao
8270,1860,697153,Barra Funda,3,151,Casa,0,0,38,23,0,4.8
7420,2184,421224,Ipiranga,2,51,Casa,1,1,14,44,0,7.7
4005,5658,883923,Ipiranga,3,80,Casa,1,0,27,21,1,1.9
8513,3612,867913,Vila Mariana,4,121,Casa,0,0,15,7,1,5.2
8555,4073,998449,Vila Olímpia,1,175,Apartamento,1,1,2,44,1,6.0
9529,1878,412505,Lapa,1,186,Casa,0,0,22,45,0,7.8
6892,4561,899342,Brooklin,1,101,Apartamento,1,0,22,34,0,7.9
9154,6056,1158977,Moema,1,160,Casa,0,0,2,5,1,7.6
8721,8035,672573,Lapa,1,81,Casa,1,0,19,32,1,3.2
7668,4157,728550,Vila Mariana,2,74,Apartamento,1,1,24,6,1,9.5
6592,8392,341183,Centro,4,32,Casa,1,1,13,6,1,7.3
2998,8994,379658,Santana,4,142,Apartamento,1,0,7,49,0,6.9
1698,5737,1185552,Itaim Bibi,2,159,Casa,1,1,2,44,1,7.6
9958,5389,896620,Itaim Bibi,4,127,Apartamento,1,0,13,22,1,4.9
1659,3811,851371,Pinheiros,3,177,Apartamento,0,0,24,7,0,4.4
6534,5061,551690,Tatuapé,3,36,Apartamento,1,0,21,16,1,5.6
5548,4108,644721,Santana,4,160,Apartamento,0,0,12,24,1,7.7
3557,6592,1168289,Moema,1,122,Apartamento,1,0,23,46,1,4.1
7944,5493,965496,Campo Belo,3,174,Apartamento,1,0,32,33,1,7.1
4436,9754,525255,Morumbi,3,56,Apartamento,1,1,29,21,1,6.3
8683,5642,932512,Jardins,2,128,Apartamento,1,1,15,41,1,8.7
1190,1980,407594,Centro,4,96,Apartamento,0,0,15,18,1,6.3
8455,5014,571713,Vila Mariana,2,46,Apartamento,0,0,9,33,0,4.7
2841,9716,546227,Brooklin,1,65,Casa,0,0,20,20,1,7.5
6919,1853,847198,Santo Amaro,1,179,Apartamento,1,1,4,22,0,4.0
4124,6691,563903,Ipiranga,4,34,Casa,1,1,21,4,1,8.8
7799,5465,757202,Tatuapé,3,48,Apartamento,0,0,15,26,0,4.5
2081,1512,849195,Barra Funda,2,125,Apartamento,0,0,36,48,0,6.5
1580,8004,790388,Moema,1,115,Casa,1,1,8,29,0,8.9
7617,3479,916195,Brooklin,4,62,Apartamento,1,0,17,30,1,7.0
7905,3489,690031,Centro,4,53,Apartamento,0,0,33,2,0,2.2
3427,5000,692081,Santo Amaro,3,130,Apartamento,0,0,20,3,1,4.6
4373,9945,1084531,Moema,1,183,Apartamento,1,1,9,26,0,5.9
1412,8543,1048970,Pinheiros,1,50,Casa,0,0,18,36,0,6.2
6073,6104,956551,Brooklin,4,66,Apartamento,1,1,17,49,1,9.3
9787,1728,311876,Lapa,3,48,Casa,0,1,22,36,0,7.7
5946,6486,581193,Campo Belo,1,152,Casa,1,1,14,36,1,8.6
9010,7801,851293,Barra Funda,4,38,Apartamento,1,1,11,44,1,5.3
7938,3681,873153,Vila Mariana,3,100,Casa,1,1,11,45,1,8.6
5186,9905,721303,Santo Amaro,3,155,Casa,1,1,29,45,0,9.5
1504,2214,1208611,Jardins,1,163,Apartamento,1,1,8,44,1,7.7
7190,2256,1242776,Jardins,2,172,Casa,0,0,51,1,1,3.4
7819,4719,430264,Butantã,4,184,Apartamento,1,0,11,17,0,4.7
8714,4324,889466,Vila Olímpia,2,144,Apartamento,1,0,27,5,1,5.4
3193,9415,644321,Barra Funda,3,115,Casa,1,1,10,27,1,8.4
6989,2460,927343,Itaim Bibi,1,194,Apartamento,1,1,18,10,0,6.1
8939,6565,559067,Centro,4,124,Apartamento,1,0,33,39,1,8.4
2077,9427,1010127,Itaim Bibi,2,86,Casa,1,0,27,48,1,7.1
7881,7949,290369,Butantã,3,81,Casa,0,0,33,38,1,9.8
5892,8043,634140,Tatuapé,4,174,Apartamento,1,0,4,17,0,5.8
4818,2906,434812,Barra Funda,4,54,Casa,1,1,25,32,1,6.9
4900,7677,831069,Vila Olímpia,1,162,Casa,1,0,25,12,0,6.1
7190,6240,416092,Barra Funda,4,90,Casa,1,0,22,26,1,6.0
1055,9717,847345,Perdizes,4,159,Casa,1,0,22,26,0,7.9
6870,2531,596268,Lapa,3,44,Apartamento,1,0,31,25,1,2.9
4596,7168,881003,Pinheiros,2,96,Casa,1,0,37,45,1,8.8
7891,7738,468657,Tatuapé,2,93,Apartamento,0,1,2,45,0,6.8
7767,7986,311173,Santana,3,160,Casa,0,1,24,31,1,7.8
9195,6966,948681,Vila Olímpia,2,91,Casa,0,0,33,2,1,4.7
9915,1224,785589,Aclimação,1,169,Casa,1,0,29,1,1,3.6
3026,4744,820937,Vila Olímpia,3,167,Apartamento,0,0,25,2,0,8.2
2994,4490,1315745,Jardins,1,91,Apartamento,1,0,11,44,1,3.5
3560,6415,829787,Morumbi,4,59,Casa,1,0,30,21,0,5.5
2065,3136,641217,Butantã,4,101,Casa,1,1,18,40,0,10.0
3712,3192,503024,Centro,1,133,Apartamento,0,0,1,39,0,4.3
6742,6788,339944,Centro,4,184,Apartamento,1,1,36,29,0,8.8
2865,7028,793046,Barra Funda,1,186,Casa,0,0,24,4,1,6.8
3116,6779,831519,Mooca,2,103,Apartamento,1,1,26,38,0,8.4
8783,1984,416409,Centro,4,162,Apartamento,1,1,26,37,1,5.3
8196,4368,833024,Mooca,3,30,Apartamento,1,1,44,37,1,8.0
3708,8112,592432,Santana,2,198,Casa,0,0,16,25,1,7.7
7783,5971,494226,Santo Amaro,2,181,Casa,1,1,20,7,0,9.8
3713,6588,1159666,Jardins,4,92,Casa,1,1,6,40,1,6.4
9914,3079,1301142,Jardins,1,59,Apartamento,1,0,42,40,1,8.9
6232,6797,448596,Santo Amaro,1,84,Casa,1,0,25,3,0,5.3
8643,4462,739561,Morumbi,1,86,Casa,0,1,30,3,0,7.7
7722,8218,657498,Centro,3,125,Apartamento,0,0,30,14,1,2.6
7150,5425,664920,Brooklin,1,180,Casa,0,0,29,19,0,6.5
7852,7035,444348,Mooca,3,148,Apartamento,1,0,9,20,1,2.5
6619,2387,1118261,Jardins,2,187,Apartamento,1,1,33,46,1,8.2
5033,9428,892608,Brooklin,2,33,Apartamento,1,1,9,29,0,4.7
8184,6796,1032779,Vila Olímpia,2,105,Casa,1,1,8,42,0,9.7
7136,9646,576284,Tatuapé,4,151,Apartamento,0,1,37,2,0,5.1
9340,4850,837153,Morumbi,3,193,Casa,0,0,1,39,1,5.8
9942,2762,699199,Aclimação,1,183,Apartamento,0,0,20,9,0,4.7
8970,2252,771867,Ipiranga,4,131,Apartamento,1,0,13,12,0,5.5
2341,9407,622504,Santo Amaro,3,147,Apartamento,0,0,34,6,1,5.4
9238,5873,868308,Campo Belo,3,174,Casa,0,1,11,26,1,10.0
9007,2521,753495,Butantã,3,46,Apartamento,1,1,1,31,0,8.2
5278,8126,651997,Ipiranga,3,44,Apartamento,1,0,1,49,1,7.5
9502,9930,534350,Tatuapé,4,152,Casa,0,0,4,46,0,10.0
4511,2771,545574,Barra Funda,1,39,Apartamento,1,0,22,25,0,5.7
9567,3033,950080,Pinheiros,4,102,Casa,1,0,31,49,0,4.7
5805,1806,920278,Perdizes,4,40,Apartamento,0,1,37,13,1,7.3
6429,4564,704339,Perdizes,2,198,Casa,0,0,23,3,1,6.2
2913,8657,675024,Moema,2,111,Apartamento,0,0,26,17,0,3.0
5675,2933,908081,Itaim Bibi,1,182,Apartamento,1,0,22,12,0,4.2
8291,1974,1096227,Vila Olímpia,4,162,Apartamento,0,1,31,26,1,8.1
2591,7183,737589,Lapa,3,109,Apartamento,0,0,18,28,1,7.0
5286,4738,1078616,Vila Olímpia,4,36,Casa,1,0,19,43,1,5.7
3403,9780,528664,Ipiranga,1,133,Casa,1,0,20,34,1,6.5
6352,2435,539793,Barra Funda,2,66,Casa,1,1,34,22,1,5.9
9073,3752,605065,Butantã,3,58,Casa,1,0,14,33,0,4.9
4356,9707,1482173,Jardins,3,170,Casa,1,1,22,39,1,9.2
4155,4093,516638,Mooca,1,76,Apartamento,1,1,7,37,1,7.9
1933,4598,736500,Vila Mariana,1,192,Apartamento,1,0,20,49,1,5.9
7573,1984,1443977,Jardins,3,160,Casa,0,0,1,44,0,5.8
2875,2763,716017,Santana,2,92,Apartamento,1,0,24,2,1,1.2
9357,7154,688699,Lapa,3,117,Casa,0,1,29,17,0,5.1
3720,9905,736545,Morumbi,4,126,Apartamento,1,1,18,33,0,6.5
8014,1089,937895,Perdizes,2,148,Apartamento,1,0,20,49,1,9.4
1552,9907,957471,Morumbi,4,121,Apartamento,0,1,25,20,0,9.9
1021,9601,1152847,Moema,4,116,Apartamento,1,1,21,13,1,10.0
3356,5790,469395,Santo Amaro,4,111,Apartamento,1,0,16,18,1,6.0
9946,7236,561393,Barra Funda,2,188,Apartamento,1,1,6,24,1,8.4
7563,6631,1007064,Pinheiros,2,108,Apartamento,1,0,33,36,1,8.8
3958,8904,828554,Moema,2,116,Apartamento,1,1,30,44,0,7.8
2525,2646,689607,Perdizes,4,113,Apartamento,1,0,26,39,0,3.5
6543,5555,842961,Pinheiros,3,39,Casa,0,0,30,14,0,5.7
6895,8115,228223,Centro,1,93,Apartamento,0,0,38,20,0,6.4
3203,2390,837600,Barra Funda,4,143,Apartamento,1,1,52,2,0,4.5
6178,7980,494387,Centro,1,41,Apartamento,0,1,25,20,1,8.9
6342,8351,281766,Barra Funda,2,113,Casa,0,0,19,45,0,5.2
7812,8519,885907,Vila Olímpia,1,115,Casa,0,0,21,34,1,6.3
1986,5440,827096,Perdizes,3,171,Casa,1,0,23,48,1,5.9
7924,4828,699314,Lapa,3,97,Apartamento,1,0,25,38,0,7.3
2388,6450,418074,Centro,1,172,Casa,1,1,16,12,1,10.0
9927,7059,1116798,Vila Olímpia,2,40,Casa,0,0,37,8,1,5.4
3863,2177,513441,Ipiranga,3,73,Apartamento,0,0,13,15,0,6.4
9212,1406,823117,Mooca,3,109,Casa,0,1,23,15,0,9.1
7012,1963,1157376,Campo Belo,1,185,Casa,0,0,30,8,0,4.8
5445,4530,561978,Brooklin,3,137,Apartamento,1,1,2,39,1,8.9
9227,6203,921550,Pinheiros,3,152,Casa,0,0,1,22,1,7.0
6752,7295,655543,Campo Belo,1,183,Casa,0,0,29,37,0,7.1
6010,4040,482928,Butantã,4,190,Casa,1,0,17,21,0,7.9
9841,2100,1031578,Vila Mariana,4,64,Casa,1,1,34,21,1,7.0
6699,2241,706543,Vila Olímpia,2,65,Apartamento,1,1,24,37,1,6.7
1707,2804,1016408,Jardins,4,159,Apartamento,0,0,45,5,0,6.7
8979,3428,675061,Moema,3,127,Casa,1,1,7,30,0,8.2
4374,1207,656694,Tatuapé,2,187,Casa,1,0,1,16,0,5.0
8446,5443,510949,Santo Amaro,1,59,Casa,1,0,31,20,1,6.3
3785,4725,827129,Pinheiros,1,180,Apartamento,1,0,1,45,0,7.0
6299,8574,904795,Pinheiros,4,130,Apartamento,1,1,31,42,1,10.0
8629,9325,1062537,Moema,4,36,Apartamento,1,1,15,14,0,10.0
6907,7097,566228,Tatuapé,2,62,Apartamento,1,0,22,31,1,6.0
2960,8045,453224,Lapa,1,165,Casa,1,1,15,34,1,8.6
9734,1845,559099,Aclimação,2,189,Casa,1,1,15,43,1,6.6
4850,1689,590601,Barra Funda,1,112,Casa,0,1,24,35,0,6.2
9800,2638,815540,Morumbi,4,81,Apartamento,1,0,30,38,1,3.3
2549,7140,966285,Itaim Bibi,2,159,Apartamento,0,0,11,27,1,7.2
7356,9433,647703,Lapa,3,168,Casa,1,1,29,21,1,7.1
1593,5839,767279,Moema,1,186,Apartamento,1,0,10,42,1,8.1
7272,1571,951688,Campo Belo,2,50,Apartamento,1,1,21,11,1,8.7
4926,8340,461456,Santo Amaro,1,189,Apartamento,1,1,37,1,1,10.0
9599,8650,997931,Jardins,3,172,Casa,1,1,18,7,1,10.0
6439,7511,1228262,Jardins,3,165,Apartamento,1,1,20,40,1,6.1
9569,5285,432846,Butantã,3,31,Apartamento,0,0,22,13,1,4.3
8569,6784,803881,Morumbi,3,107,Apartamento,1,0,22,25,0,10.0
3160,8031,718131,Moema,3,41,Casa,1,1,27,47,0,9.0
1646,9789,660231,Mooca,1,51,Apartamento,1,0,9,29,1,5.9
9652,4754,1036112,Itaim Bibi,3,147,Casa,0,0,49,23,1,3.8
9553,8353,921713,Campo Belo,4,158,Apartamento,1,1,31,5,1,9.6
3520,4081,620617,Perdizes,1,141,Casa,1,0,31,9,1,3.1
2778,8902,784053,Vila Olímpia,4,130,Apartamento,0,0,24,4,0,5.3
8909,6588,690902,Morumbi,1,49,Casa,0,1,23,7,1,10.0
4959,1161,850913,Butantã,3,188,Apartamento,1,1,35,19,1,6.7
6093,1867,328746,Santo Amaro,3,142,Casa,1,0,18,33,0,6.4
2283,1659,936513,Campo Belo,3,172,Apartamento,1,1,3,47,1,8.7
9329,3097,820833,Moema,1,138,Casa,1,0,32,19,0,5.3
3096,9895,1060265,Itaim Bibi,4,99,Apartamento,0,0,26,4,0,4.0
2619,7868,356890,Ipiranga,2,149,Apartamento,1,0,15,16,0,4.6
6347,3643,477345,Butantã,2,136,Casa,1,1,26,21,1,8.2
7342,2449,581369,Ipiranga,1,87,Casa,0,0,37,18,0,3.5
7588,9616,238979,Centro,2,146,Apartamento,1,1,27,42,0,3.4
7566,5624,687602,Vila Mariana,1,103,Casa,0,0,20,5,1,1.3
4750,9535,448540,Barra Funda,4,67,Apartamento,0,0,35,10,1,5.3
6774,7519,695928,Morumbi,1,197,Apartamento,1,1,26,28,1,9.8
8264,2577,688324,Aclimação,3,35,Casa,1,0,4,23,1,6.4
1475,6416,708492,Pinheiros,1,76,Casa,1,1,4,48,1,5.5
5943,7530,681911,Lapa,3,56,Apartamento,1,1,7,43,1,8.8
3307,8133,1001017,Vila Olímpia,3,45,Casa,1,0,11,45,1,3.6
9004,7274,361712,Centro,4,54,Apartamento,1,0,7,34,0,4.0
1645,8544,591506,Mooca,1,160,Apartamento,1,1,28,28,1,8.5
2715,7450,531136,Barra Funda,2,87,Casa,1,0,27,23,1,6.0
9915,7049,561530,Vila Mariana,4,153,Casa,1,1,32,8,0,7.3
8358,5628,964909,Moema,1,146,Casa,1,1,19,46,1,9.5
5741,8418,444268,Vila Mariana,4,101,Apartamento,1,1,1,35,1,7.9
5249,2750,804555,Campo Belo,1,112,Apartamento,0,1,37,3,1,6.9
2531,3990,750927,Aclimação,1,193,Apartamento,1,1,18,17,0,9.6
2762,1040,607553,Pinheiros,3,97,Apartamento,1,1,39,8,1,8.2
3479,6154,439931,Mooca,4,130,Casa,1,0,17,44,0,8.0
1727,8468,675164,Barra Funda,4,105,Apartamento,1,1,22,12,1,7.3
8986,4740,511315,Santo Amaro,4,33,Apartamento,0,0,10,12,1,9.0
5005,8429,641671,Butantã,1,90,Apartamento,1,1,14,6,0,7.8
6410,2455,1022670,Lapa,1,78,Apartamento,1,1,8,49,0,10.0
2968,1703,513370,Tatuapé,3,83,Apartamento,1,0,14,41,0,4.4
1182,4112,1085178,Brooklin,3,168,Casa,1,0,15,46,0,6.7
7588,4311,515334,Centro,1,119,Casa,1,0,23,28,1,4.8
7993,5033,725155,Pinheiros,2,176,Casa,0,0,1,28,1,8.3
6889,6054,378139,Santana,2,80,Casa,0,0,35,13,0,6.6
4155,2628,1033815,Vila Olímpia,4,192,Casa,0,0,38,1,0,4.9
8064,8446,1042772,Vila Olímpia,4,50,Apartamento,1,1,27,43,1,6.7
4259,2823,1228623,Moema,1,92,Casa,1,1,4,40,1,7.8
4361,7583,948158,Itaim Bibi,3,194,Apartamento,1,1,42,1,0,9.8
6546,2829,1183318,Itaim Bibi,4,94,Casa,0,0,29,4,0,6.1
5652,8939,862728,Perdizes,2,136,Apartamento,1,0,3,27,0,5.3
7628,3169,985984,Itaim Bibi,3,163,Apartamento,0,0,26,18,1,5.8
4807,8151,917157,Pinheiros,1,194,Casa,1,1,10,49,1,10.0
2439,8730,1504994,Jardins,1,73,Casa,1,1,19,39,1,7.0
7652,7416,984722,Moema,4,111,Apartamento,1,1,18,22,1,7.8
9848,3660,1099666,Pinheiros,2,76,Apartamento,1,1,39,21,1,7.3
1882,5761,1145184,Campo Belo,4,81,Apartamento,1,1,34,6,1,6.5
5494,2946,516725,Mooca,1,111,Apartamento,1,0,22,47,1,5.6
1115,8084,1177309,Jardins,1,142,Casa,1,1,27,32,0,6.3
2137,5117,561850,Mooca,4,155,Casa,1,0,35,16,1,8.9
8537,3841,1221140,Jardins,4,100,Apartamento,1,0,29,7,0,6.3
4175,5897,944278,Perdizes,3,131,Casa,1,0,8,35,1,4.6
8913,8547,900424,Campo Belo,2,95,Apartamento,1,1,30,26,1,6.7
5727,4965,568881,Brooklin,1,187,Casa,1,0,24,13,1,0.0
8651,6575,727577,Aclimação,4,189,Apartamento,1,1,31,14,1,4.5
3307,2228,746163,Morumbi,2,63,Apartamento,1,1,2,34,1,9.4
7352,7056,1089538,Vila Olímpia,1,150,Apartamento,0,1,31,29,1,8.4
6571,3224,1008569,Vila Olímpia,1,174,Apartamento,1,0,22,23,1,7.0
4607,9043,427539,Mooca,1,54,Apartamento,0,0,25,9,0,5.1
6423,3587,350565,Santana,4,134,Apartamento,1,0,27,7,1,5.2
5424,4237,622378,Mooca,2,129,Casa,1,1,35,23,1,9.6
7469,4220,1120080,Morumbi,1,42,Casa,1,1,5,49,0,4.9
9016,8011,629927,Perdizes,2,192,Casa,0,0,28,3,1,5.5
9931,2401,909650,Vila Olímpia,4,133,Apartamento,1,0,42,12,0,4.5
5063,2524,428835,Centro,3,36,Apartamento,1,0,33,12,0,7.4
9835,9386,522520,Santana,1,108,Apartamento,1,0,29,23,1,6.4
7683,1277,260942,Santana,1,88,Apartamento,1,0,5,44,1,4.1
9652,4764,555280,Morumbi,4,94,Casa,1,1,31,47,1,8.7
4313,8763,792988,Aclimação,1,83,Casa,1,1,13,38,1,8.4
3645,7589,353863,Butantã,3,32,Apartamento,1,1,30,6,1,8.9
3743,8866,555664,Ipiranga,3,130,Casa,1,0,28,18,1,6.0
6366,9711,711148,Lapa,4,123,Casa,1,1,22,43,1,8.0
3468,7217,1084338,Pinheiros,1,185,Apartamento,0,1,30,43,0,8.1
5444,8618,380574,Ipiranga,1,184,Apartamento,0,0,33,1,0,8.8
8778,4696,709936,Brooklin,3,119,Apartamento,1,0,38,17,1,3.5
3161,9345,723074,Lapa,1,151,Casa,0,0,31,17,0,9.4
3871,1660,820931,Moema,4,55,Casa,1,0,21,19,0,8.2
5557,3179,616877,Tatuapé,1,165,Casa,0,1,25,48,0,8.0
4607,4075,1006446,Moema,2,145,Casa,1,0,9,45,0,6.1
7534,4156,801905,Aclimação,3,198,Casa,1,1,14,13,1,9.7
1205,8352,936946,Campo Belo,3,76,Apartamento,1,1,36,36,1,10.0
4273,5538,762759,Vila Mariana,3,39,Apartamento,1,0,38,17,1,5.2
6310,3610,887530,Pinheiros,1,156,Apartamento,0,0,31,2,1,7.0
1166,1508,1144766,Jardins,4,81,Casa,0,0,24,3,0,9.3
8106,4171,528494,Pinheiros,2,142,Casa,1,0,16,43,1,6.9
7871,3972,545961,Santo Amaro,4,112,Casa,0,0,48,1,0,5.4
8262,1451,534488,Ipiranga,3,31,Apartamento,0,0,34,22,1,9.9
8951,5690,510462,Santo Amaro,2,82,Casa,0,0,22,5,0,4.7
7261,1887,630059,Centro,2,79,Apartamento,1,1,23,41,1,7.7
4765,3438,639575,Barra Funda,4,83,Casa,1,1,20,20,0,5.3
1517,8737,1011621,Itaim Bibi,4,91,Casa,0,0,20,5,0,6.1
7241,9399,842266,Vila Mariana,2,183,Casa,0,1,5,39,0,10.0
4554,3849,805817,Moema,2,56,Apartamento,0,0,33,9,1,2.9
8619,3642,405596,Tatuapé,3,77,Casa,1,1,28,22,1,5.2
1816,8304,1081117,Pinheiros,3,158,Apartamento,1,0,25,36,1,3.8
5937,1369,583796,Butantã,3,182,Apartamento,1,0,12,47,0,6.0
5138,3424,486986,Santana,2,197,Casa,1,0,14,49,1,5.5
6485,5164,805752,Mooca,2,190,Casa,0,0,22,16,0,7.0
8610,2993,1020800,Vila Olímpia,1,149,Casa,0,0,22,46,0,4.8
1294,6488,445572,Centro,4,114,Apartamento,1,1,24,43,1,5.7
8697,9033,567043,Mooca,2,33,Apartamento,0,0,30,7,0,5.2
9312,8552,908155,Vila Olímpia,1,121,Casa,0,0,25,7,1,5.8
5841,4606,816963,Aclimação,4,182,Casa,1,1,17,46,1,3.6
3854,8024,546239,Santana,1,199,Casa,1,1,3,17,0,3.4
7815,2647,490145,Lapa,1,133,Casa,0,0,8,2,1,7.1
5733,8081,393563,Santo Amaro,4,144,Apartamento,1,1,7,34,1,7.7
1146,4453,661061,Morumbi,3,166,Casa,1,0,11,33,1,7.1
6618,5236,482331,Centro,1,77,Casa,0,0,43,29,1,5.6
6126,1816,736252,Brooklin,1,91,Casa,1,1,31,43,0,10.0
4893,7811,686674,Santana,1,115,Apartamento,1,0,19,41,1,3.4
6057,5008,619552,Lapa,3,160,Casa,0,0,13,46,0,7.9
7328,6991,873191,Pinheiros,1,111,Apartamento,1,0,37,13,1,2.2
1002,9397,842956,Morumbi,3,91,Apartamento,0,1,33,11,1,5.7
1670,8291,740280,Vila Mariana,1,193,Apartamento,0,0,42,9,1,5.2
4792,6330,711568,Ipiranga,1,88,Casa,0,0,23,28,0,6.6
2812,9995,879693,Tatuapé,2,105,Apartamento,1,0,37,13,1,6.8
2629,7859,415710,Tatuapé,4,168,Casa,0,0,30,16,0,8.1
1383,5334,925775,Moema,1,185,Casa,1,1,21,46,0,10.0
8647,5933,780576,Aclimação,2,130,Apartamento,1,0,20,12,0,2.9
9799,6710,1147014,Itaim Bibi,4,163,Casa,1,0,19,46,1,5.1
2205,5988,1046694,Vila Olímpia,4,56,Apartamento,0,0,16,12,0,5.5
3964,5594,395239,Mooca,3,128,Casa,1,1,36,16,1,8.4
9210,4521,509597,Tatuapé,1,182,Apartamento,1,0,19,48,1,1.8
2338,5996,454844,Santo Amaro,2,142,Apartamento,1,0,1,20,1,5.1
7837,8031,708811,Mooca,1,162,Casa,0,1,33,41,1,8.7
7982,8427,484432,Centro,2,122,Apartamento,0,1,17,14,0,7.6
2319,2141,509797,Aclimação,2,195,Casa,1,1,5,28,1,9.1
4875,8605,289140,Mooca,2,177,Apartamento,1,0,32,29,1,3.7
8212,2262,943406,Campo Belo,3,117,Apartamento,1,0,30,9,1,6.1
8431,2230,722535,Perdizes,3,41,Casa,0,1,22,17,1,6.7
3411,3617,673345,Vila Mariana,3,49,Apartamento,1,1,21,38,1,8.0
9775,6415,631177,Ipiranga,2,165,Casa,0,0,14,30,0,3.3
5131,3148,699533,Pinheiros,3,111,Apartamento,1,1,1,38,1,7.7
3011,4373,1226802,Itaim Bibi,4,181,Casa,1,1,15,44,0,4.2
5920,7324,640929,Vila Mariana,1,51,Casa,1,0,18,25,1,7.6
7974,5774,472345,Lapa,2,106,Apartamento,1,0,22,9,1,7.9
8185,6558,745023,Brooklin,4,118,Apartamento,0,1,37,40,0,10.0
2881,1269,718259,Pinheiros,3,195,Apartamento,0,0,31,28,0,7.7
7855,3294,720550,Morumbi,2,35,Apartamento,1,1,32,32,1,8.4
6374,8869,534656,Aclimação,2,113,Casa,1,0,30,22,1,5.7
1336,3979,320100,Centro,1,172,Casa,1,0,26,17,0,7.1
1314,2134,314265,Lapa,1,45,Casa,1,0,8,2,1,5.7
2117,3828,641096,Mooca,1,123,Casa,1,1,15,48,0,9.8
7622,8069,283391,Centro,4,44,Apartamento,0,1,27,33,1,8.4
4303,4113,572819,Santo Amaro,3,132,Casa,1,0,28,31,1,6.2
5485,9100,664710,Lapa,1,144,Casa,0,0,35,24,0,5.8
9464,2051,732206,Vila Mariana,2,148,Casa,0,0,48,4,0,4.0
4176,2251,700366,Perdizes,2,133,Apartamento,1,0,30,28,0,7.3
1183,8755,771424,Perdizes,1,54,Casa,1,1,22,34,0,9.5
9002,5247,970648,Itaim Bibi,1,73,Apartamento,1,0,30,47,1,5.5
3230,7511,489089,Centro,2,118,Apartamento,1,0,16,30,1,6.8
3044,3341,716365,Barra Funda,4,150,Apartamento,1,1,42,5,0,7.1
5059,3773,711517,Morumbi,3,69,Apartamento,1,0,25,10,0,6.2
2716,1310,1227459,Itaim Bibi,4,80,Apartamento,1,1,32,11,1,4.5
8036,9923,587336,Santana,3,191,Casa,0,0,26,31,0,3.3
4904,7837,664434,Tatuapé,2,128,Casa,0,0,29,16,0,3.0
3821,7509,375176,Perdizes,3,101,Casa,1,1,29,15,1,7.6
8984,1406,695975,Vila Mariana,4,163,Apartamento,0,0,19,18,0,4.6
8566,5670,435657,Mooca,3,192,Casa,1,1,23,35,0,8.9
7524,2073,639407,Centro,2,87,Apartamento,1,1,22,14,0,7.1
5524,3284,708201,Vila Mariana,3,32,Apartamento,0,0,31,8,1,5.5
4575,3418,1005561,Brooklin,3,59,Apartamento,1,1,32,38,1,9.6
7316,3710,1082956,Itaim Bibi,2,163,Apartamento,0,0,1,46,0,5.2
7009,1607,600941,Santana,4,149,Casa,0,0,11,3,1,3.8
1725,8701,289147,Centro,4,179,Apartamento,0,0,24,11,1,3.3
2814,2106,584293,Barra Funda,3,59,Casa,1,1,1,28,0,9.3
7782,2048,930048,Perdizes,3,145,Apartamento,1,0,18,34,0,6.5
4792,3941,679090,Vila Mariana,2,104,Apartamento,0,0,22,49,0,3.8
3345,1075,528187,Lapa,4,159,Apartamento,1,0,30,27,1,1.7
8143,3059,714839,Lapa,1,149,Apartamento,1,1,28,21,0,8.3
7543,6901,524412,Tatuapé,3,153,Casa,1,0,4,37,1,6.5
4092,5159,909024,Itaim Bibi,4,54,Apartamento,1,1,23,36,1,8.6
2810,5566,881603,Vila Mariana,1,91,Apartamento,1,1,29,29,0,8.7
4406,9339,356894,Santana,1,177,Casa,0,0,27,11,0,7.8
6308,3462,774443,Santo Amaro,3,61,Apartamento,1,0,23,10,1,6.9
1244,1926,451256,Mooca,1,33,Casa,1,1,18,26,1,5.2
5654,6300,594631,Tatuapé,3,159,Apartamento,1,1,29,24,1,7.9
6856,2015,312173,Santana,2,51,Casa,1,0,31,20,1,6.7
7155,6543,314811,Santana,4,119,Casa,1,1,16,10,0,10.0
2409,6197,943328,Vila Mariana,4,178,Apartamento,1,1,35,46,0,7.7
7135,6573,965788,Pinheiros,1,193,Apartamento,0,0,34,14,1,5.0
8697,9386,517839,Lapa,4,178,Apartamento,1,0,18,14,1,5.8
8940,4866,221828,Aclimação,3,133,Apartamento,1,0,12,14,0,4.5
3237,5054,768465,Morumbi,3,182,Casa,0,0,32,22,1,5.1
8754,5078,188819,Mooca,1,83,Apartamento,1,0,13,16,1,3.8
6968,8493,631155,Morumbi,3,192,Casa,0,0,17,27,0,5.4
8954,8269,849499,Lapa,3,170,Casa,1,0,16,22,0,4.6
8977,1857,702753,Campo Belo,1,185,Casa,0,0,13,20,1,4.5
2802,3657,543285,Mooca,3,163,Apartamento,1,0,7,38,1,6.3
2966,1375,722126,Brooklin,1,169,Apartamento,1,0,40,38,1,3.9
6599,7448,984500,Brooklin,2,151,Casa,1,1,25,28,1,8.2
5633,1920,499827,Santo Amaro,3,187,Apartamento,1,0,14,29,1,4.4
9697,7360,932751,Tatuapé,3,51,Casa,1,1,14,18,0,8.1
7106,9864,472404,Centro,4,174,Apartamento,1,1,7,43,1,6.5
1919,3339,510800,Butantã,4,152,Casa,1,1,23,27,1,10.0
8354,5516,901301,Jardins,4,68,Casa,1,0,31,4,0,5.5
1692,2478,502726,Centro,3,119,Casa,0,1,26,26,0,2.9
8933,6476,806874,Tatuapé,2,123,Casa,1,0,17,39,1,4.7
9462,6811,739538,Brooklin,1,47,Casa,1,1,21,7,1,7.8
5675,7748,766629,Vila Mariana,1,114,Casa,1,1,36,16,1,8.0
5524,7559,949772,Itaim Bibi,3,71,Casa,1,1,24,32,1,6.7
9220,9226,1104536,Vila Olímpia,1,176,Casa,1,0,24,8,0,8.1
4567,4899,1212608,Perdizes,1,100,Casa,1,0,23,7,0,6.3
2231,6831,954359,Jardins,1,52,Casa,0,0,29,6,1,8.0
2342,6560,184152,Santo Amaro,4,184,Apartamento,1,1,21,47,1,8.1
3653,4340,1093112,Itaim Bibi,3,74,Apartamento,1,1,26,47,1,10.0
6428,7681,705902,Perdizes,2,147,Casa,1,0,15,44,1,6.1
7219,5534,465215,Centro,1,155,Casa,1,1,23,37,1,3.6
2366,7453,1015610,Campo Belo,4,192,Apartamento,1,0,30,45,0,3.7
6014,2375,874614,Lapa,1,178,Casa,1,1,36,39,1,10.0
3387,3693,406385,Santana,1,138,Casa,1,1,2,31,0,6.8
7772,2627,1060744,Jardins,2,70,Apartamento,0,1,32,11,0,9.3
6622,9052,918461,Moema,1,181,Casa,1,1,32,18,1,5.4
5248,3476,1234361,Jardins,1,173,Apartamento,1,0,32,29,1,6.3
5576,2871,623996,Ipiranga,4,175,Apartamento,1,1,15,25,1,8.4
3598,2001,376628,Tatuapé,4,117,Apartamento,1,0,28,9,1,3.8
1271,9334,745454,Moema,1,81,Casa,0,0,18,5,1,8.0
1066,8533,441079,Santana,1,103,Apartamento,1,1,13,9,1,9.1
1178,3244,578130,Butantã,4,159,Casa,0,0,16,13,1,5.3
3933,9516,623218,Santo Amaro,4,134,Apartamento,0,0,25,15,1,3.0
2167,9302,576453,Morumbi,3,101,Apartamento,1,0,14,28,1,7.8
1913,7358,779840,Vila Olímpia,1,181,Casa,1,1,34,26,0,6.3
5661,2894,733615,Morumbi,3,49,Apartamento,1,0,12,32,1,6.4
9181,1378,869440,Moema,2,116,Casa,0,0,44,11,1,1.5
3256,2412,955690,Campo Belo,4,32,Apartamento,0,0,6,47,0,8.8
3939,6969,388080,Butantã,3,99,Casa,1,0,13,15,1,7.9
9033,1983,801285,Morumbi,4,189,Apartamento,1,1,22,30,1,4.7
8265,2990,927346,Vila Olímpia,2,130,Apartamento,1,1,16,25,1,6.8
8951,7449,1287410,Jardins,3,46,Apartamento,0,0,37,2,1,5.1
8236,2551,288633,Santo Amaro,1,136,Apartamento,0,1,19,22,1,8.6
7240,1512,875208,Pinheiros,4,154,Apartamento,0,0,20,27,0,5.1
3741,4020,1485665,Jardins,2,108,Apartamento,1,0,17,23,1,7.3
5565,1192,571190,Pinheiros,2,78,Apartamento,1,0,20,43,0,5.8
4199,7103,967339,Vila Olímpia,3,112,Apartamento,1,0,8,35,0,7.2
3601,3657,519165,Centro,3,187,Apartamento,1,1,29,18,0,6.9
2301,2910,486148,Santo Amaro,1,45,Apartamento,1,0,5,40,0,5.3
1534,4462,500260,Ipiranga,1,100,Apartamento,0,0,46,15,1,2.5
1001,9316,1416879,Jardins,4,134,Apartamento,0,1,29,1,0,5.5
6398,7678,381034,Lapa,3,108,Apartamento,1,1,27,27,0,7.7
8996,2590,757028,Centro,4,107,Casa,1,0,23,26,1,9.1
7726,8481,177702,Butantã,3,164,Casa,0,0,41,1,1,5.8
9861,7269,1269066,Jardins,3,199,Casa,0,0,25,12,1,5.0
4565,5593,780047,Vila Mariana,3,65,Apartamento,1,1,29,7,1,6.5
7858,3121,894724,Itaim Bibi,1,117,Apartamento,1,0,13,46,0,6.0
8127,4720,817658,Pinheiros,1,46,Casa,1,1,1,48,1,7.1
9777,9044,1129463,Jardins,1,74,Apartamento,0,0,20,17,0,7.9
8246,1154,636450,Barra Funda,4,48,Apartamento,1,0,16,26,1,0.2
1786,5368,603928,Ipiranga,3,160,Casa,1,0,21,49,1,6.3
3349,8011,935711,Campo Belo,4,83,Apartamento,0,0,45,1,0,4.4
7031,5243,678806,Campo Belo,2,119,Apartamento,1,1,34,7,1,8.2
3506,2537,654899,Perdizes,4,59,Casa,1,0,37,12,1,8.5
8067,6091,862902,Morumbi,2,77,Apartamento,0,0,17,2,0,7.8
9269,3831,614126,Santo Amaro,2,73,Casa,0,1,26,46,0,6.9
4122,9167,1116851,Brooklin,4,184,Casa,1,0,31,43,0,7.6
1534,4364,418664,Santana,3,160,Casa,1,1,39,6,0,8.4
1471,3940,737006,Moema,2,169,Apartamento,1,0,7,44,0,6.3
1882,4840,473546,Ipiranga,3,33,Apartamento,0,0,16,13,1,6.4
4083,6200,408826,Tatuapé,3,40,Casa,1,1,30,12,1,5.2
6127,7947,613527,Tatuapé,4,43,Apartamento,1,1,21,21,1,9.7
6413,2269,627442,Ipiranga,2,151,Apartamento,1,1,20,17,1,5.6
1069,4924,988502,Brooklin,4,62,Casa,1,0,17,18,0,4.8
9301,2016,724691,Aclimação,1,104,Casa,1,1,19,34,1,8.8
7401,8072,1262591,Itaim Bibi,2,113,Casa,1,1,16,18,0,7.5
9627,9368,577902,Mooca,1,42,Apartamento,0,0,33,25,0,9.2
4381,6839,383037,Centro,4,53,Apartamento,0,0,25,8,0,5.1
6378,7233,855105,Morumbi,4,159,Casa,1,1,44,44,1,7.5
4159,7159,668984,Morumbi,2,102,Apartamento,1,0,15,15,1,6.6
1654,6481,914554,Brooklin,3,172,Apartamento,1,1,30,36,1,7.1
6972,7639,666971,Lapa,1,197,Casa,1,0,27,23,1,6.9
9075,5452,850969,Campo Belo,1,57,Apartamento,0,0,13,35,0,6.3
3637,8242,662609,Tatuapé,2,97,Casa,1,0,12,33,0,3.9
9412,4666,349121,Santo Amaro,2,193,Casa,0,0,12,3,1,10.0
9417,5200,885687,Perdizes,4,122,Casa,1,0,8,45,0,4.1
8334,3911,1108853,Jardins,3,199,Apartamento,1,0,16,39,0,5.6
1835,3262,639970,Vila Mariana,1,155,Casa,0,0,24,47,0,6.0
7617,4151,532548,Barra Funda,4,187,Apartamento,1,0,46,3,1,3.5
2334,6588,844821,Pinheiros,3,73,Casa,1,0,14,23,0,2.7
4057,5428,357309,Santo Amaro,2,193,Apartamento,1,1,17,20,1,7.0
9737,7468,455063,Tatuapé,4,71,Casa,0,0,39,13,0,4.1
8572,7747,1073046,Jardins,1,78,Casa,1,1,19,17,1,5.4
4555,6111,690158,Centro,2,72,Casa,1,0,16,36,1,7.5
9283,5222,851631,Campo Belo,4,54,Apartamento,0,0,34,5,0,4.6
2410,4497,664263,Moema,1,69,Casa,1,1,16,25,1,7.5
5052,6303,826047,Campo Belo,1,116,Casa,0,0,29,17,1,9.9
1314,3376,1386697,Jardins,3,31,Casa,1,0,18,36,1,5.7
2687,5109,1041487,Itaim Bibi,4,46,Apartamento,1,0,22,24,1,5.9
1418,2749,473350,Santo Amaro,1,105,Apartamento,0,0,26,1,0,5.3
3939,8194,678540,Butantã,2,101,Apartamento,1,1,24,31,1,3.5
7856,8367,364671,Santo Amaro,3,111,Casa,0,0,6,14,0,4.8
7378,3765,830179,Campo Belo,1,164,Casa,1,1,15,31,1,5.4
3064,6315,481447,Brooklin,2,70,Casa,1,0,10,39,1,7.4
3603,2101,929142,Vila Olímpia,3,32,Apartamento,1,1,35,22,1,10.0
6495,4209,570924,Brooklin,4,46,Apartamento,0,1,16,6,1,8.1
4557,4587,805496,Moema,4,83,Casa,1,1,28,31,0,5.8
6360,1354,1274727,Jardins,1,31,Casa,1,0,18,13,1,8.1
3486,9418,639790,Ipiranga,3,42,Casa,1,1,27,45,1,8.8
1172,6666,1133532,Moema,4,34,Apartamento,1,0,22,11,1,9.5
3590,8754,355110,Lapa,1,189,Apartamento,1,1,18,34,0,6.8
2189,3689,747686,Aclimação,1,108,Apartamento,1,0,32,49,1,1.0
3833,6285,738666,Itaim Bibi,2,108,Apartamento,1,1,10,48,1,7.3
2932,4535,1394716,Itaim Bibi,3,121,Casa,1,1,12,39,1,7.2
1564,4258,1125326,Vila Olímpia,1,172,Apartamento,1,0,18,26,1,5.6
8206,8170,736345,Aclimação,3,126,Apartamento,0,0,31,11,1,8.1
9638,3658,881223,Moema,3,80,Apartamento,0,0,33,18,0,5.8
1229,5284,770941,Tatuapé,2,105,Apartamento,0,0,1,21,0,5.3
6820,4052,899093,Vila Olímpia,1,44,Casa,0,0,23,16,0,5.7
1148,9001,1095096,Vila Olímpia,2,91,Casa,1,1,5,38,1,8.4
9391,2982,1069631,Aclimação,2,122,Apartamento,0,0,30,9,0,5.0
9740,1838,425364,Santana,4,122,Apartamento,1,0,7,38,0,3.3
5698,5311,828289,Lapa,3,162,Apartamento,1,0,46,7,1,7.1
3970,7985,481490,Tatuapé,4,182,Apartamento,1,0,31,3,1,4.9
3251,1804,630824,Aclimação,1,158,Casa,1,0,24,45,1,4.9
6611,9089,551918,Lapa,1,53,Casa,1,0,30,10,1,4.1
2294,5065,546206,Mooca,4,72,Casa,1,0,32,35,0,5.7
4787,3096,587855,Centro,1,108,Apartamento,1,1,7,41,1,9.2
2356,4072,813999,Moema,1,109,Apartamento,1,1,21,19,1,5.7
6795,8633,631246,Butantã,4,198,Apartamento,1,1,20,22,0,5.5
5766,6362,222544,Santana,2,171,Casa,1,1,11,33,1,7.6
8396,8823,870728,Pinheiros,4,58,Casa,1,0,27,14,1,5.8
4720,5067,794127,Pinheiros,1,154,Apartamento,1,0,31,14,0,3.7
6560,5016,657719,Ipiranga,3,104,Apartamento,0,1,37,3,1,6.9
8141,9652,1109627,Pinheiros,4,66,Apartamento,1,0,8,44,1,5.0
8456,5674,522973,Butantã,4,58,Casa,1,1,22,26,0,8.2
2560,2164,749197,Brooklin,1,93,Casa,1,1,15,44,1,6.5
2353,1767,545757,Mooca,3,191,Casa,1,1,20,30,0,8.3
7269,6317,681722,Mooca,4,40,Casa,1,1,17,34,1,6.5
5350,3428,649529,Morumbi,2,86,Casa,0,0,30,9,0,6.3
9159,3073,464061,Santo Amaro,3,198,Casa,1,0,24,19,1,3.7
6191,7875,937014,Itaim Bibi,1,55,Casa,1,0,24,22,1,5.5
9989,4215,648931,Lapa,1,195,Apartamento,1,1,17,49,1,10.0
7985,2782,1051768,Vila Olímpia,2,179,Apartamento,0,0,27,6,1,7.9
1600,7376,496292,Tatuapé,3,81,Apartamento,1,1,29,25,1,6.3
8610,9895,1205334,Jardins,3,96,Apartamento,0,0,16,39,0,2.3
5224,4675,553253,Butantã,1,53,Casa,1,1,13,22,1,6.4
3024,9490,707490,Campo Belo,2,189,Apartamento,0,0,32,2,0,5.9
5601,2460,1018317,Moema,2,116,Casa,0,0,32,1,1,5.8
2040,3686,983446,Morumbi,2,160,Apartamento,1,0,13,39,1,7.5
5362,6188,603439,Moema,3,190,Casa,0,0,31,30,0,2.6
5071,9808,902772,Moema,2,132,Casa,0,0,32,21,0,7.2
1659,4457,1097398,Vila Olímpia,1,80,Casa,0,1,20,13,0,10.0
3017,8957,902937,Brooklin,1,160,Apartamento,1,0,25,20,1,3.8
9699,7159,417550,Butantã,2,68,Casa,1,1,5,46,1,6.1
7614,8135,531634,Butantã,3,65,Casa,0,0,18,5,0,6.5
9719,7617,723152,Butantã,3,62,Casa,1,0,22,21,1,1.4
6906,8860,917394,Brooklin,4,106,Apartamento,1,0,29,23,0,6.3
8799,9804,590009,Vila Mariana,2,117,Casa,1,0,23,11,0,7.0
2447,3850,907594,Jardins,1,46,Apartamento,1,0,19,41,1,4.8
7085,8734,240067,Centro,1,171,Apartamento,0,0,51,7,0,4.9
4513,1495,450724,Lapa,3,120,Casa,1,0,1,32,0,5.2
6959,6993,467357,Santo Amaro,3,40,Casa,1,1,13,49,1,7.1
3510,5636,436185,Butantã,3,183,Apartamento,0,0,8,2,1,10.0
9314,4345,538604,Butantã,1,168,Casa,1,1,13,44,1,9.7
6330,5655,842321,Aclimação,4,79,Casa,1,1,29,13,1,5.2
8111,9434,1661529,Jardins,3,169,Apartamento,1,0,40,12,0,5.4
6275,5749,464277,Ipiranga,2,189,Apartamento,1,1,38,6,0,10.0
2313,8847,608031,Barra Funda,2,192,Apartamento,1,1,31,29,1,9.3
3165,4308,906866,Morumbi,4,129,Casa,1,1,9,33,1,7.3
4078,3983,678211,Brooklin,2,82,Apartamento,1,1,15,38,1,9.7
7035,7523,573696,Mooca,4,96,Casa,1,1,27,7,1,10.0
1209,5911,747923,Lapa,4,54,Casa,1,1,27,39,0,10.0
9475,1212,271311,Barra Funda,2,190,Apartamento,1,1,36,10,1,7.8
4845,7906,929668,Morumbi,1,130,Apartamento,1,0,32,33,1,9.1
7643,9701,804805,Morumbi,4,46,Apartamento,1,1,32,8,1,7.7
2777,8490,659080,Perdizes,3,37,Casa,1,1,28,43,1,7.3
2569,8246,500399,Ipiranga,3,46,Casa,1,1,5,47,1,6.9
6324,1404,1012615,Itaim Bibi,1,170,Casa,1,1,20,20,0,7.8
4083,9073,1285015,Jardins,1,40,Apartamento,1,0,14,36,1,5.1
8420,9989,609924,Ipiranga,3,131,Casa,1,1,10,23,1,8.1
6212,1191,842723,Brooklin,4,36,Apartamento,0,0,24,39,1,5.9
6494,9536,472111,Ipiranga,1,143,Apartamento,1,1,5,27,1,8.4
8903,8002,760819,Lapa,3,114,Casa,1,1,26,31,1,6.2
2394,9290,927764,Barra Funda,3,91,Casa,1,1,11,39,0,10.0
3384,1809,421934,Ipiranga,4,155,Casa,1,1,29,48,1,8.5
7163,7671,1244670,Jardins,4,195,Apartamento,1,1,42,29,1,6.4
5009,3735,657036,Ipiranga,4,118,Casa,1,0,20,18,1,4.3
9183,5277,1091428,Itaim Bibi,2,188,Casa,1,0,11,10,1,9.5
4385,4770,1158173,Campo Belo,2,75,Apartamento,1,0,32,8,1,6.1
2963,6153,644043,Butantã,3,147,Casa,0,0,26,3,0,7.4
5607,4985,702713,Lapa,4,91,Casa,1,0,17,49,1,6.2
1686,1356,1211312,Jardins,1,69,Casa,0,1,18,3,1,7.9
3739,5784,989364,Jardins,4,167,Casa,1,1,14,46,0,9.8
3686,1233,1215292,Jardins,3,151,Apartamento,0,0,31,11,0,2.6
5690,7121,1069230,Itaim Bibi,3,117,Apartamento,1,1,25,33,1,7.1
7017,4384,661622,Mooca,1,45,Casa,0,0,39,13,1,5.6
7372,8105,400903,Santana,2,90,Apartamento,0,0,29,7,1,5.4
2721,2349,909954,Jardins,2,182,Casa,1,0,36,1,1,6.5
9128,2075,588803,Moema,2,60,Casa,0,0,17,17,0,3.7
8320,9705,1073633,Itaim Bibi,1,147,Casa,1,1,17,25,1,8.9
2069,6263,639630,Perdizes,4,149,Apartamento,1,0,23,29,0,4.8
7256,8258,615795,Lapa,4,96,Casa,1,1,29,49,1,8.5
1400,3855,1176667,Jardins,1,86,Casa,0,0,31,20,0,4.9
5311,3934,674479,Lapa,2,51,Casa,1,1,18,24,1,8.5
6061,4264,511834,Perdizes,4,195,Casa,0,0,30,12,1,4.3
5409,6783,526987,Santana,1,39,Apartamento,0,0,37,2,1,5.4
9795,6257,1026541,Vila Olímpia,3,86,Apartamento,0,0,46,7,0,1.9
8833,3886,968585,Vila Olímpia,1,63,Apartamento,1,0,27,1,1,5.1
1789,4475,518711,Butantã,1,59,Apartamento,0,1,22,33,1,10.0
2231,8959,704147,Lapa,4,195,Apartamento,0,0,13,1,0,3.1
3986,1386,510584,Aclimação,2,171,Apartamento,1,1,7,47,0,10.0
4324,7777,689749,Tatuapé,3,81,Casa,0,0,10,9,1,4.2
2915,1556,727210,Pinheiros,1,134,Apartamento,1,1,28,22,0,6.4
7382,3511,1139872,Itaim Bibi,3,194,Casa,0,1,27,17,1,10.0
1238,7843,573532,Butantã,3,181,Apartamento,0,0,27,4,1,7.9
4247,3592,586264,Santo Amaro,3,154,Apartamento,1,0,41,1,1,5.1
6190,5663,347754,Ipiranga,1,134,Apartamento,1,1,16,34,1,7.4
5264,4133,1160452,Perdizes,4,183,Apartamento,1,1,19,48,1,10.0
5521,2124,613175,Butantã,2,135,Casa,1,0,17,18,1,2.9
7523,9111,591246,Centro,2,113,Casa,0,0,28,13,0,5.9
3956,9077,567115,Mooca,4,71,Apartamento,1,0,6,35,1,6.5
7853,8709,1357723,Jardins,2,66,Casa,0,0,34,4,1,7.1
1801,9234,682923,Tatuapé,2,51,Apartamento,0,0,26,2,0,8.1
8083,4401,607722,Perdizes,2,152,Casa,1,1,1,43,1,5.3
3492,7745,273304,Barra Funda,4,132,Casa,1,1,10,19,1,9.6
2098,6247,516085,Brooklin,1,95,Apartamento,1,1,28,16,0,6.3
5922,5392,1034220,Campo Belo,2,125,Apartamento,1,1,18,40,1,6.4
5477,3185,453035,Barra Funda,2,104,Casa,0,0,13,41,1,7.9
4175,8849,546985,Butantã,2,54,Casa,1,0,17,19,1,8.5
5323,6773,618502,Santo Amaro,4,194,Apartamento,0,0,24,11,1,7.6
3731,1869,773134,Barra Funda,2,77,Apartamento,1,0,20,27,0,5.0
1076,9959,974386,Vila Olímpia,2,48,Apartamento,1,0,45,19,1,7.7
8737,9333,756003,Campo Belo,4,172,Apartamento,1,1,18,33,1,10.0
8923,6122,545066,Ipiranga,3,92,Apartamento,1,0,25,43,1,9.5
5701,3877,493333,Barra Funda,3,44,Apartamento,1,1,1,42,1,10.0
2725,9853,567746,Aclimação,1,127,Casa,1,0,36,23,1,8.0
6902,3709,845026,Moema,2,83,Apartamento,1,0,31,36,1,3.0
1730,5890,625687,Mooca,1,149,Casa,1,1,31,15,1,6.7
7265,5136,682809,Brooklin,2,159,Casa,1,0,30,23,0,4.3
6310,1652,640869,Morumbi,4,139,Apartamento,1,0,18,33,0,7.5
7507,8819,349001,Butantã,2,92,Apartamento,1,0,37,25,1,4.5
5784,2232,670800,Morumbi,3,52,Casa,0,1,29,30,0,8.1
2195,5559,903511,Perdizes,1,181,Casa,0,1,20,15,0,5.8
1909,1372,573799,Tatuapé,4,189,Apartamento,1,1,25,15,1,9.3
3825,8464,875444,Santana,4,157,Apartamento,0,0,33,1,0,5.4
5299,1973,477935,Ipiranga,1,39,Apartamento,1,1,1,48,1,8.6
6844,6939,901093,Itaim Bibi,4,105,Apartamento,1,1,26,47,0,8.2
5537,7361,374742,Centro,2,136,Apartamento,1,0,24,7,1,7.3
1179,4873,1076819,Moema,3,149,Apartamento,1,1,16,6,1,9.4
1117,1481,611229,Barra Funda,3,163,Apartamento,0,0,40,9,1,8.9
6192,3015,1090796,Vila Olímpia,2,121,Apartamento,0,0,17,24,1,8.3
7681,4756,694222,Perdizes,2,186,Casa,0,0,35,4,1,2.5
7576,9903,1100082,Moema,3,118,Apartamento,0,0,33,1,0,5.0
9741,6769,863509,Vila Olímpia,3,60,Apartamento,1,1,10,39,1,5.6
5890,5298,1004580,Itaim Bibi,1,46,Apartamento,0,0,23,7,1,4.5
4413,9027,833732,Santana,4,47,Casa,0,0,40,16,0,5.4
8928,3933,926869,Perdizes,2,172,Apartamento,1,0,31,24,1,7.1
9282,7310,659186,Barra Funda,1,30,Casa,1,1,11,46,1,7.1
9330,3506,1208323,Vila Olímpia,1,147,Apartamento,0,1,25,13,0,6.8
9831,5537,728700,Pinheiros,1,30,Casa,1,1,34,47,1,8.1
2832,8600,1005249,Campo Belo,4,85,Casa,1,1,13,12,1,7.9
7889,3096,159575,Santo Amaro,2,102,Apartamento,1,0,22,17,1,5.0
1976,8345,1127980,Itaim Bibi,2,199,Casa,1,1,12,33,0,10.0
1712,6845,266289,Ipiranga,1,44,Apartamento,1,1,50,27,1,7.3
6279,5332,768119,Moema,1,90,Apartamento,1,1,28,21,0,10.0
2845,1382,937916,Jardins,1,179,Casa,1,0,18,43,1,4.1
8833,3709,479555,Centro,4,129,Casa,0,1,19,37,0,10.0
2025,8785,401646,Ipiranga,1,86,Casa,1,1,1,39,0,10.0
7709,5711,721472,Butantã,1,116,Apartamento,0,1,39,11,0,6.2
5092,3666,684522,Campo Belo,2,110,Casa,1,1,34,12,1,9.3
5311,8736,1034156,Jardins,3,119,Apartamento,0,0,1,45,0,6.8
1671,1777,550680,Morumbi,4,145,Casa,0,1,26,4,1,8.7
3176,3338,596895,Ipiranga,1,160,Casa,1,1,19,37,1,8.3
6901,7129,590659,Centro,1,180,Apartamento,1,0,13,21,1,9.9
3588,2782,831335,Moema,1,90,Apartamento,0,0,35,19,1,6.3
5150,2446,252448,Centro,3,109,Casa,1,0,9,25,1,6.3
5684,2410,381169,Butantã,4,191,Casa,0,0,23,28,0,6.4
8287,1066,764761,Brooklin,1,180,Apartamento,0,0,15,18,0,6.3
4012,6024,614679,Itaim Bibi,2,151,Apartamento,1,0,32,1,1,4.2
4133,1798,942733,Aclimação,1,160,Apartamento,1,0,25,26,1,8.5
6873,5503,262909,Santana,1,159,Casa,1,1,27,48,0,8.0
5180,5262,757547,Aclimação,1,31,Casa,1,0,19,46,1,2.8
9899,3397,662932,Aclimação,3,116,Casa,1,1,16,18,1,10.0
5268,5099,684560,Perdizes,1,60,Casa,0,0,29,12,0,5.1
1544,4663,888343,Pinheiros,3,121,Casa,1,0,18,43,1,3.9
5088,9399,608481,Butantã,4,35,Casa,0,1,40,5,1,9.9
4409,1689,216529,Centro,3,175,Casa,1,1,11,39,0,5.9
2854,4231,865477,Vila Olímpia,1,173,Apartamento,0,0,24,17,1,4.7
8938,7176,590955,Butantã,4,166,Casa,0,0,8,18,1,7.9
3114,8364,941760,Perdizes,1,45,Casa,1,0,21,34,0,4.3
7704,8368,747614,Aclimação,2,149,Apartamento,0,0,22,22,1,5.8
3142,7184,911530,Brooklin,1,110,Apartamento,1,0,32,9,1,5.4
7476,4148,826253,Lapa,3,139,Apartamento,1,0,1,43,1,6.4
1768,6607,944498,Moema,3,122,Apartamento,1,0,6,39,0,7.1
6851,8032,752138,Santo Amaro,3,65,Casa,0,0,22,15,0,7.0
2100,9864,1110823,Itaim Bibi,2,133,Apartamento,1,0,31,39,0,8.4
1502,4885,620093,Tatuapé,4,124,Casa,0,0,23,23,0,6.6
